{"H": {"sigma": 2.84642, "epsilon_k": 7.648938}, "B": {"sigma": 3.58141, "epsilon_k": 47.8058}, "C": {"sigma": 3.47299, "epsilon_k": 47.8562}, "N": {"sigma": 3.26256, "epsilon_k": 38.9492}, "O": {"sigma": 3.03315, "epsilon_k": 48.1581}, "F": {"sigma": 3.0932, "epsilon_k": 36.4834}, "Al": {"sigma": 3.91105, "epsilon_k": 155.9981}, "Si": {"sigma": 3.80414, "epsilon_k": 155.9981}, "P": {"sigma": 3.69723, "epsilon_k": 161.0303}, "S": {"sigma": 3.59032, "epsilon_k": 173.1075}, "Cl": {"sigma": 3.51932, "epsilon_k": 142.5621}, "Ga": {"sigma": 3.91105, "epsilon_k": 201.2878}, "Ge": {"sigma": 3.80414, "epsilon_k": 201.2878}, "As": {"sigma": 3.69723, "epsilon_k": 206.32}, "Se": {"sigma": 3.59032, "epsilon_k": 216.3844}, "Br": {"sigma": 3.51905, "epsilon_k": 186.1912}, "In": {"sigma": 4.08923, "epsilon_k": 276.7707}, "Sn": {"sigma": 3.98232, "epsilon_k": 276.7708}, "Sb": {"sigma": 3.87541, "epsilon_k": 276.7708}, "Te": {"sigma": 3.7685, "epsilon_k": 286.8352}, "I": {"sigma": 3.69723, "epsilon_k": 256.642}, "Na": {"sigma": 2.65755, "epsilon_k": 15.09659}, "Mg": {"sigma": 2.69141, "epsilon_k": 55.85737}, "K": {"sigma": 3.39611, "epsilon_k": 17.61269}, "Ca": {"sigma": 3.02816, "epsilon_k": 119.76626}, "Sc": {"sigma": 2.93551, "epsilon_k": 9.56117}, "Ti": {"sigma": 2.8286, "epsilon_k": 8.55473}, "V": {"sigma": 2.80099, "epsilon_k": 8.05151}, "Cr": {"sigma": 2.93187, "epsilon_k": 7.54829}, "Mn": {"sigma": 2.63795, "epsilon_k": 6.54185}, "Fe": {"sigma": 2.5943, "epsilon_k": 6.54185}, "Co": {"sigma": 2.55866, "epsilon_k": 7.04507}, "Ni": {"sigma": 2.52481, "epsilon_k": 7.54829}, "Cu": {"sigma": 3.11369, "epsilon_k": 2.5161}, "Zn": {"sigma": 2.46155, "epsilon_k": 62.39923}, "Zr": {"sigma": 2.78317, "epsilon_k": 34.72215}, "Mo": {"sigma": 2.71902, "epsilon_k": 29.68995}, "Be": {"sigma": 2.44552, "epsilon_k": 42.77366}, "Rb": {"sigma": 3.66516, "epsilon_k": 20.12878}, "Sr": {"sigma": 3.24376, "epsilon_k": 118.2566}, "Y": {"sigma": 2.98006, "epsilon_k": 36.23181}, "Nb": {"sigma": 2.81969, "epsilon_k": 29.68995}, "Tc": {"sigma": 2.67091, "epsilon_k": 24.15454}, "Ru": {"sigma": 2.63973, "epsilon_k": 28.1803}, "Rh": {"sigma": 2.60944, "epsilon_k": 26.67064}, "Pd": {"sigma": 2.58272, "epsilon_k": 24.15454}, "Ag": {"sigma": 2.80455, "epsilon_k": 18.1159}, "Cd": {"sigma": 2.53728, "epsilon_k": 114.7341}, "Cs": {"sigma": 4.02419, "epsilon_k": 22.64488}, "Ba": {"sigma": 3.299, "epsilon_k": 183.17192}, "La": {"sigma": 3.13775, "epsilon_k": 8.55473}, "Ce": {"sigma": 3.16804, "epsilon_k": 6.54185}, "Pr": {"sigma": 3.21258, "epsilon_k": 5.0322}, "Nd": {"sigma": 3.18496, "epsilon_k": 5.0322}, "Pm": {"sigma": 3.16002, "epsilon_k": 4.52898}, "Sm": {"sigma": 3.13596, "epsilon_k": 4.02576}, "Eu": {"sigma": 3.11191, "epsilon_k": 4.02576}, "Gd": {"sigma": 3.00055, "epsilon_k": 4.52898}, "Tb": {"sigma": 3.07449, "epsilon_k": 3.52254}, "Dy": {"sigma": 3.054, "epsilon_k": 3.52254}, "Ho": {"sigma": 3.03707, "epsilon_k": 3.52254}, "Er": {"sigma": 3.02104, "epsilon_k": 3.52254}, "Tm": {"sigma": 3.00589, "epsilon_k": 3.01932}, "Yb": {"sigma": 2.98897, "epsilon_k": 114.73406}, "Lu": {"sigma": 3.24287, "epsilon_k": 20.632}, "Hf": {"sigma": 2.79831, "epsilon_k": 36.23181}, "Ta": {"sigma": 2.82415, "epsilon_k": 40.76079}, "W": {"sigma": 2.73417, "epsilon_k": 33.71571}, "Re": {"sigma": 2.63171, "epsilon_k": 33.21249}, "Os": {"sigma": 2.7796, "epsilon_k": 18.61912}, "Ir": {"sigma": 2.53015, "epsilon_k": 36.73503}, "Pt": {"sigma": 2.45354, "epsilon_k": 40.25757}, "Au": {"sigma": 2.93373, "epsilon_k": 19.62556}, "Hg": {"sigma": 2.40988, "epsilon_k": 193.73954}, "Tl": {"sigma": 3.87274, "epsilon_k": 342.18931}, "Pb": {"sigma": 3.82819, "epsilon_k": 333.63458}, "Bi": {"sigma": 3.89323, "epsilon_k": 260.66774}, "Po": {"sigma": 4.19524, "epsilon_k": 163.54636}, "At": {"sigma": 4.23177, "epsilon_k": 142.91436}, "Rn": {"sigma": 4.24513, "epsilon_k": 124.79845}, "Ra": {"sigma": 3.27583, "epsilon_k": 203.30071}, "Ac": {"sigma": 3.09855, "epsilon_k": 16.60625}, "Th": {"sigma": 3.02549, "epsilon_k": 13.08371}, "Pa": {"sigma": 3.05044, "epsilon_k": 11.07083}, "U": {"sigma": 3.0246, "epsilon_k": 11.07083}, "Np": {"sigma": 3.05044, "epsilon_k": 9.56117}, "Pu": {"sigma": 3.05044, "epsilon_k": 8.05151}, "Am": {"sigma": 3.01213, "epsilon_k": 7.04507}, "Cm": {"sigma": 2.96313, "epsilon_k": 6.54185}, "Bk": {"sigma": 2.97471, "epsilon_k": 6.54185}, "Cf": {"sigma": 2.95155, "epsilon_k": 6.54185}, "Es": {"sigma": 2.93907, "epsilon_k": 6.03863}, "Fm": {"sigma": 2.92749, "epsilon_k": 6.03863}, "Md": {"sigma": 2.9168, "epsilon_k": 5.53542}, "No": {"sigma": 2.89364, "epsilon_k": 5.53542}}